"Category","PublishName","Source","SHA256"
"Community","body.png","assets\2026\body.png","042CF2F35B06BD0801C4F90E1E8D0C00309369929E9BA802472F603CC3C3A666"
"Community","body-1024.webp","assets\optimized\body-1024.webp","9C8CB239862F67B2B45FC5C27EF689BB90B1B7C03577F03591EC0859519F8662"
"Community","body-480.webp","assets\optimized\body-480.webp","3C0493FF3225329AC0345299A1885089CC01D3A5F281ABFEC6E8313956A128F1"
"Community","body-768.webp","assets\optimized\body-768.webp","495CDAEF0057C75CDA790AA74C26135661A48B684D716C7B135ACAACF2531279"
"Community","community-hero-desktop-v1.png","assets\2026\community-hero-desktop-v1.png","883019C1BC4C6A11F7034266C298358476A816FE8DBEAE415B5F28D28587173D"
"Community","community-hero-mobile-v1.png","assets\2026\community-hero-mobile-v1.png","410E9D1A0EFA1D21D8FF182C33291D34F813600A44F040F88F7D520E6ADCDF02"
"Community","creator-network.png","assets\2026\creator-network.png","BF87826FF366D39809466834E5465F4D4605B2681443425B4AEDBD0B6FB231A8"
"Community","creator-network-1200.webp","assets\optimized\creator-network-1200.webp","22B6C227C1513746BDCD122839B6CC7DF3DEA17C673D43426BDCDF6B8EACFBC3"
"Community","creator-network-1672.webp","assets\optimized\creator-network-1672.webp","93332A3E05CAF90E73302D637C96BEF84EABCB9EDCD8E20E9249B0A142F63441"
"Community","creator-network-768.webp","assets\optimized\creator-network-768.webp","0FEDC486F7940B99F7A9CBAC8EDF5D436E0D5A33D24CC833A02BD00E5B9CAF68"
"Community","heart.png","assets\2026\heart.png","F40C40E58F586568F28EA68CE27A6F4CD6160D973914B46159205B164DF78C91"
"Community","heart-1024.webp","assets\optimized\heart-1024.webp","DD9D184A1F99DDD94B97C6062BF3BD72A973DD969EBE057BB127E0DC57CA5402"
"Community","heart-480.webp","assets\optimized\heart-480.webp","5E07FE33F7B5D42B7000673DE7AD30803128F883BC4E4A3AAA53167531F78D87"
"Community","heart-768.webp","assets\optimized\heart-768.webp","099B5E2C4EB1B9CE212E6179285D7E86892666288B0185EADB902DC79C0D29A3"
"Community","mind.png","assets\2026\mind.png","A3325A9A75ADBE77ECD26506D503044B9663E3BA87759FE84DC64361F1F8FF2A"
"Community","mind-1200.webp","assets\optimized\mind-1200.webp","AB7D09C5FAF0182BC1CD8AB1FBD2006036954D3BC19D3B1F71BAB8FE9C57CD09"
"Community","mind-1672.webp","assets\optimized\mind-1672.webp","94E6B02F88168287E36B0805CB5411D49DCAF6E047BF32A2420D5E138DC207E5"
"Community","mind-640.webp","assets\optimized\mind-640.webp","73592FB3A165E09AA1D4E18CB1786ECF3A38BBDFE0C2734DEF3EEBBAD0425D6B"
"Future","future-hero-desktop-v1.png","assets\2026\future-hero-desktop-v1.png","587C1A41D98009A7EBEFCCFDA431C3A76015D01202DAA009E0BFD4D4E0B3CF9A"
"Future","future-hero-mobile-v1.png","assets\2026\future-hero-mobile-v1.png","C8AFB1F86F23E2F9073CD7B1E8A41BAE72658847E1F27DA67B0C48704F804319"
"Future","future-just-got-more-expensive__future-tech-cover.jpg","news\tech\future-just-got-more-expensive\future-tech-cover.jpg","313196E0C8B836592593498DB074F3FD408C6072FF702A3E6F522A8BB394F918"
"Future","tech.png","assets\2026\tech.png","0B2435D368A1399135F19AEB1E5C6DE684B2C281982E1170D93636E45697C184"
"Future","tech-mobile.webp","assets\2026\tech-mobile.webp","9CE3E9D7E7759B480F7228F3782661E73FFD6327A84A50D6C48F5FDB9A009AC8"
"Mythra","create-with-mythra.png","assets\2026\create-with-mythra.png","C53406378B1AC426D31A4F97110621CF12DFCAC2F548E382002581AAAC7E9485"
"Mythra","create-with-mythra-1200.webp","assets\optimized\create-with-mythra-1200.webp","540BC6085332F84FE8EC990D8C2C14F5FF84CB62E0982FEE1A03D7EF61D958D9"
"Mythra","create-with-mythra-1672.webp","assets\optimized\create-with-mythra-1672.webp","29160B06FDA126CEC81BFC8BD6B92B29D709FE656840067443FA33BC6FF1D883"
"Mythra","create-with-mythra-768.webp","assets\optimized\create-with-mythra-768.webp","562579F71A15A0DD474C97B242B952B0CA8EB6F1EA6901F781C250286C6BBDB6"
"Mythra","mythra-hero.png","assets\2026\mythra-hero.png","C325D703646C77F8EA7307CB540591CB741F4E5609D3BC704C745D75231EF937"
"Mythra","mythra-hero-1440.webp","assets\optimized\mythra-hero-1440.webp","C6D3BE270007E8F46885878CA18F9AC0DDB7BA20404FB3FEC076DE9DD1A09CF5"
"Mythra","mythra-hero-2048.webp","assets\optimized\mythra-hero-2048.webp","CD16768107E7A2994D368DB9EAEC1FF020158A16DEAED3B52F0DDB81E9BF9BAF"
"Mythra","mythra-hero-768.webp","assets\optimized\mythra-hero-768.webp","19F8FA9B748F5F49B3CF0B141EB5A465196107910AE6498AE6EC9AD9ABAF05AD"
"Mythra","rogueverse-mythra-emblem.png","assets\rogueverse-mythra-emblem.png","874AD0BE8240C9C52D4DDD9483CF4EB92BC70488812D5968FE6BBF0027906043"
"Mythra","rogueverse-mythra-emblem_2.png","assets\brand\mythra\rogueverse-mythra-emblem.png","7C113259A34C1AECF9D958F834D93E2BE1EA569964D3E95D3359FE66E4F482E5"
"Mythra","under-construction.png","assets\2026\under-construction.png","098C459808103B8055D254AF69527875257E258BAE82752A736AB02AB3A971FB"
"Mythra","under-construction-1200.webp","assets\optimized\under-construction-1200.webp","804A829B3390C2B5C4E383AEE7E5C720D84558542EA7BE369D0682F264F6C4FE"
"Mythra","under-construction-640.webp","assets\optimized\under-construction-640.webp","71D5046FC5913136389DEB9D87CC6B7E2BD4F2FF14C3FE0806DB9F82782457C8"
"Our_Culture_Comics.Collectibles","joshua-comic-character-concept.jpg","Images\Ai.Gen\Gemini\image\Joshua.comic.jpg","98270F69E1494AB7A2FB9E79B56D1DF09B1D200A14AAE212AA8E059CCB214B66"
"Our_Culture_Comics.Collectibles","nomads-commander-comic-character-concept.png","Projects\Nomads\Stills\Commander.comicbook.png","285CC675919F2DAF200C33149A602D156B543AC6E348DAB9E76AFCA9ADDB4777"
"Our_Culture_Games","atari-returns-to-profit-retro-gaming-strategy__feature.svg","news\games\atari-returns-to-profit-retro-gaming-strategy\assets\feature.svg","D35EE21ACF84FE630386A3A20DE2BC9CE0DD9E5653CF2929117E5485C6D57664"
"Our_Culture_Games","beast-of-reincarnation-game-freak-launch-preview__feature.svg","news\games\beast-of-reincarnation-game-freak-launch-preview\assets\feature.svg","82E39A2CB330CC137B6721D808B55D3096A048EA8852E670C96D746316D2C6BB"
"Our_Culture_Games","games-emblem-480.webp","assets\optimized\games-emblem-480.webp","A80FEC25D6AD0B8D09179DAAFE3387D34AD07D0D78D57DAB57FB6824C1A3C331"
"Our_Culture_Games","games-emblem-768.webp","assets\optimized\games-emblem-768.webp","C1A1F840A55B25E2FFB30210D8E02DE6BDBC6B80D6E8AE6FF4930CE474904185"
"Our_Culture_Games","games-emblem-941.webp","assets\optimized\games-emblem-941.webp","BB06530277B9373C71FF72BE9A6B4749C33597D6F1335E75A72B83DC731DB86E"
"Our_Culture_Games","games-hero-desktop-v1.png","assets\2026\games-hero-desktop-v1.png","9E44E2A3FED0FE7BFBA7761ADBB6818484860A5CD858AB9CBD0DEE68B5244900"
"Our_Culture_Games","games-hero-mobile-v1.png","assets\2026\games-hero-mobile-v1.png","462C4F1DEE6D5E72C9D2D76834735F8BEE0BC9947CCE710FED510A210E89F1D3"
"Our_Culture_Games","rogueverse-games-emblem.png","assets\brand\games\rogueverse-games-emblem.png","CF41E9667CB7C15FDB03FAADDD2190ABC711ED7D0B8843D2BEDEFB62675101F8"
"Our_Culture_Games","samara-weaving-gamer-open-world-agent-of-chaos__console-travel.webp","news\games\samara-weaving-gamer-open-world-agent-of-chaos\assets\console-travel.webp","7C6399C4AED6D8918D89A156C7490E23FDE2A059686B6B8EAA71680CA6742113"
"Our_Culture_Games","samara-weaving-gamer-open-world-agent-of-chaos__feature.webp","news\games\samara-weaving-gamer-open-world-agent-of-chaos\assets\feature.webp","4760D716AE842C3D451BE8792D446B6E8E697516548724D5E7EFFF9BD8576678"
"Our_Culture_Games","samara-weaving-gamer-open-world-agent-of-chaos__horror-game-casting.webp","news\games\samara-weaving-gamer-open-world-agent-of-chaos\assets\horror-game-casting.webp","C29A97DC70046B25299451752169C0996B6711939410DF9B50502B1DF32CDF04"
"Our_Culture_Games","xbox-360-games-coming-to-pc-project-helix__feature.svg","news\games\xbox-360-games-coming-to-pc-project-helix\assets\feature.svg","4FAD1207E0A1CFC4D806F933BB2BD881A2DF3F6F6BC10573BE3A610C6D507780"
"Our_Culture_Geeky_Stuff","doctor-who-circuit-breaker-fugitive-doctor-audio-finale__doctor-who-circuit-breaker-01.jpg","news\doctor-who-circuit-breaker-fugitive-doctor-audio-finale\assets\doctor-who-circuit-breaker-01.jpg","BCDD4CD1794DA43A7EB8AB2A0338C89A61B7A3B50495CA4637475D5B95BADCDC"
"Our_Culture_Geeky_Stuff","doctor-who-circuit-breaker-fugitive-doctor-audio-finale__doctor-who-circuit-breaker-02.jpg","news\doctor-who-circuit-breaker-fugitive-doctor-audio-finale\assets\doctor-who-circuit-breaker-02.jpg","6687C006C47BEA876FF4315BB7B904DD2E63D1D4F99AE15EC01354ADBC42AD42"
"Our_Culture_Geeky_Stuff","doctor-who-circuit-breaker-fugitive-doctor-audio-finale__doctor-who-circuit-breaker-03.jpg","news\doctor-who-circuit-breaker-fugitive-doctor-audio-finale\assets\doctor-who-circuit-breaker-03.jpg","A00548456241B74EE82E5C203AED9637D84CDBF075D27E359E88A900CC6D5F5D"
"Our_Culture_Geeky_Stuff","doctor-who-circuit-breaker-fugitive-doctor-audio-finale__doctor-who-circuit-breaker-04.jpg","news\doctor-who-circuit-breaker-fugitive-doctor-audio-finale\assets\doctor-who-circuit-breaker-04.jpg","D3F01F9714E0498C37175954BF7B1AD42A7A08A2899BA4B15BA9E371DE4D5A3F"
"Our_Culture_Geeky_Stuff","doctor-who-circuit-breaker-fugitive-doctor-audio-finale__doctor-who-circuit-breaker-05.jpg","news\doctor-who-circuit-breaker-fugitive-doctor-audio-finale\assets\doctor-who-circuit-breaker-05.jpg","8B8EC00E34C1C88CBF6738DF8075EBBC31FEE7B9CF13B094B254BEE7BD969451"
"Our_Culture_Geeky_Stuff","doctor-who-circuit-breaker-fugitive-doctor-audio-finale__doctor-who-circuit-breaker-06.jpg","news\doctor-who-circuit-breaker-fugitive-doctor-audio-finale\assets\doctor-who-circuit-breaker-06.jpg","3ECDB7203563102EC7D47E557BCC02B54F0C0877667CE8BA311BC353692E5006"
"Our_Culture_Geeky_Stuff","doctor-who-circuit-breaker-fugitive-doctor-audio-finale__doctor-who-circuit-breaker-07.jpg","news\doctor-who-circuit-breaker-fugitive-doctor-audio-finale\assets\doctor-who-circuit-breaker-07.jpg","183C91CEF9CC679FC4B39D42E74C7C54482DA624722DFC545E3B932946A99528"
"Our_Culture_Movies.Tv","movies-emblem-480.webp","assets\optimized\movies-emblem-480.webp","5D522305F4464C7A5F9D68A2F10FC7443E96E8BFF5DEE404929351854A8DD402"
"Our_Culture_Movies.Tv","movies-emblem-768.webp","assets\optimized\movies-emblem-768.webp","50A8438606DE899331ED0408E74E018763592FD979B2232A557DDD4991E65640"
"Our_Culture_Movies.Tv","movies-emblem-941.webp","assets\optimized\movies-emblem-941.webp","BBFC2BF2C5FF349425D42E758080B52FFD3DDE7FCF6FB59D131AC981BC14049B"
"Our_Culture_Movies.Tv","movies-hero-desktop-v1.png","assets\2026\movies-hero-desktop-v1.png","A691AB4A9C53E3FED0540D5EA986CE31A89BF872BE3BA26E0D7646CA8F48DE19"
"Our_Culture_Movies.Tv","movies-hero-mobile-v1.png","assets\2026\movies-hero-mobile-v1.png","CFBD3EFB26CA0910C957E48AADB884465566F312B67F09FF5176A89045BF0BE7"
"Our_Culture_Movies.Tv","rogueverse-movies-emblem.jpg","assets\brand\movies\rogueverse-movies-emblem.jpg","F99C9E5937677847D63586F5AD7A6E1677C382D721A77BE9F74A6E69BEAB8AE6"
"Our_Culture_Movies.Tv","spider-man-brand-new-day-china__01-china-just-chose-its-hero.webp","news\movies\spider-man-brand-new-day-china\assets\01-china-just-chose-its-hero.webp","21DC280ED0A825A5D540414CDA7B98A5FF41B9A0748A05A7AB9244974B66F176"
"Our_Culture_Movies.Tv","spider-man-brand-new-day-china__02-day-one-35-million.webp","news\movies\spider-man-brand-new-day-china\assets\02-day-one-35-million.webp","314AE168006B5E0C90EF2DD77C8F7A5A9D321EBFF402012E4C01EB47BF23D47D"
"Our_Culture_Movies.Tv","spider-man-brand-new-day-china__03-headline-needs-context.webp","news\movies\spider-man-brand-new-day-china\assets\03-headline-needs-context.webp","E3430E9C51E213F6AE9B0779E8F6A3D6A6AB30032CCA831853000E5067031251"
"Our_Culture_Movies.Tv","spider-man-brand-new-day-china__04-seven-year-comeback.webp","news\movies\spider-man-brand-new-day-china\assets\04-seven-year-comeback.webp","2A4C5274A0D31EFE7AA4780B7D17DC3467B28D3F564B39E36930B4924FE9EB2D"
"Our_Culture_Movies.Tv","spider-man-brand-new-day-china__05-pent-up-demand.webp","news\movies\spider-man-brand-new-day-china\assets\05-pent-up-demand.webp","9757A60990D5264B4F342DF80DB021B96E7DADB89CF7F32C50467864A1BCCC27"
"Our_Culture_Movies.Tv","spider-man-brand-new-day-china__06-superhero-fatigue.webp","news\movies\spider-man-brand-new-day-china\assets\06-superhero-fatigue.webp","ACAB791A3B291F03A1F57E5EBD8220FA13E42F15BF4A670BE6FC9614D59E62C0"
"Our_Culture_Movies.Tv","spider-man-brand-new-day-china__07-rogueverse-take.webp","news\movies\spider-man-brand-new-day-china\assets\07-rogueverse-take.webp","B8A6D1DE669C4DAFEDF4A4C818FEBA3ED605305C52055647991A7420802AA09B"
"Our_Culture_Movies.Tv","spider-man-brand-new-day-review__01-cover.webp","news\movies\spider-man-brand-new-day-review\assets\01-cover.webp","C069D452071B7E798214DD353A7CAEEA25B5E7C2B5FAF8A2D1A08A16164CB9A7"
"Our_Culture_Movies.Tv","spider-man-brand-new-day-review__02-story.webp","news\movies\spider-man-brand-new-day-review\assets\02-story.webp","CEE8C2DE22EADCFAED1B291A542114A51A50500E70E938AFD2BD48CDC184FC20"
"Our_Culture_Movies.Tv","spider-man-brand-new-day-review__03-theme.webp","news\movies\spider-man-brand-new-day-review\assets\03-theme.webp","9EC42818553C89120C9A14CCE73E6C3CA660C413A148F5C7B29D8453EFC44582"
"Our_Culture_Movies.Tv","spider-man-brand-new-day-review__04-threat.webp","news\movies\spider-man-brand-new-day-review\assets\04-threat.webp","098164CB42B588B109FB2291308419E375AE1696BA0C36B9C30B5BAAC9167956"
"Our_Culture_Movies.Tv","spider-man-brand-new-day-review__05-praise.webp","news\movies\spider-man-brand-new-day-review\assets\05-praise.webp","AB74B0EE3843E2BCA6857F2F1598D8C96C7A72D3832B1E49C10059365A265189"
"Our_Culture_Movies.Tv","spider-man-brand-new-day-review__06-pushback.webp","news\movies\spider-man-brand-new-day-review\assets\06-pushback.webp","293A42B3C55CF9D6471046D4D1C8A27F8A3D49F3CCF4D27376B83712FDD6E636"
"Our_Culture_Movies.Tv","spider-man-brand-new-day-review__07-verdict.webp","news\movies\spider-man-brand-new-day-review\assets\07-verdict.webp","E882AB059540DABBC4A969A2F9D3B4978CB459FC1C7081D13942FB4B07B9E067"
"Our_Culture_Movies.Tv","spider-man-brand-new-day-review__brand-new-day-hero.webp","news\movies\spider-man-brand-new-day-review\assets\brand-new-day-hero.webp","987C20BAD223E4EE6BD23B42C65938240373A581036F2C88757C56C123A0BBA6"
"RVS_Animanga_news","animanga-emblem-480.webp","assets\optimized\animanga-emblem-480.webp","0F82F7BE71C9292BAF5170707F1E6803E4B991DDB2D630591A5B7417C39BA1B3"
"RVS_Animanga_news","animanga-emblem-768.webp","assets\optimized\animanga-emblem-768.webp","B190EC19A3ED35400D604DA8C93511BCBB52BF55AC035BCE3991CA13DFB2BDA2"
"RVS_Animanga_news","animanga-updates.png","assets\2026\animanga-updates.png","3C9577E7B0E7CCBE85B3AFB4B2D1485F12A3A5E009250A66C751DFDF117E4685"
"RVS_Animanga_news","animanga-updates-1440.webp","assets\optimized\animanga-updates-1440.webp","8D01FC083063CF0A64D0687255AA94C265A86BC2FFED99A78D202287245DB953"
"RVS_Animanga_news","animanga-updates-2048.webp","assets\optimized\animanga-updates-2048.webp","D9516DA7E2F3213B8AFF4ECAD5FD87DADC5C3CE2F85A7136AC834CD8CB8FDB76"
"RVS_Animanga_news","animanga-updates-768.webp","assets\optimized\animanga-updates-768.webp","970F8F8E3FEBC64DF124B1DF2C0CEC8494EBA473F69524E2D194DC2293E42AC9"
"RVS_Animanga_news","black-torch-popularity-review-2026__black-torch-review-header.svg","old-man-otaku\black-torch-popularity-review-2026\assets\black-torch-review-header.svg","9C33E5F6A1A577D7081E708E2CA61C962837E87E1CE5AB526B977ECC41D70CAD"
"RVS_Animanga_news","fan-powered-production.webp","assets\2026\westbrook-studio-azuki\fan-powered-production.webp","5E3856AEC0C8639F9A70DF42981C903F299D78F47F1FCB9F71FCB3C87EA29EC6"
"RVS_Animanga_news","first-project-mystery.webp","assets\2026\westbrook-studio-azuki\first-project-mystery.webp","3123FF76694D41CE2C1C8B60C3A337F6895832A56DDAB879600864ABA1B19047"
"RVS_Animanga_news","global-anime-pipeline.webp","assets\2026\westbrook-studio-azuki\global-anime-pipeline.webp","E5AFED22E25B60FB5CC729847AFDD72284D4BFD2829F7F2316207A2580D093A2"
"RVS_Animanga_news","konosuba-season-4-studio-change__konosuba-s4-card-01-hook.webp","old-man-otaku\konosuba-season-4-studio-change\assets\konosuba-s4-card-01-hook.webp","395A6F37106F0ED2EDF4D7DF7BDBC68697AFE8AAC2A8162008C7CC500C7B533B"
"RVS_Animanga_news","konosuba-season-4-studio-change__konosuba-s4-card-02-confirmed-2027.webp","old-man-otaku\konosuba-season-4-studio-change\assets\konosuba-s4-card-02-confirmed-2027.webp","A4208491E7561F87DA7EF0E76B1429C50E18E3C45D2F0B7BCF8ED9BEB4C7E28A"
"RVS_Animanga_news","konosuba-season-4-studio-change__konosuba-s4-card-03-studio-timeline.webp","old-man-otaku\konosuba-season-4-studio-change\assets\konosuba-s4-card-03-studio-timeline.webp","E3F03A0CC93381F6BEAB99FA2100D10680F65063FC1D9BAF832B739A497B4EE0"
"RVS_Animanga_news","konosuba-season-4-studio-change__konosuba-s4-card-04-returning-team.webp","old-man-otaku\konosuba-season-4-studio-change\assets\konosuba-s4-card-04-returning-team.webp","46F6783652C2EDE27793C14D46C097218C2580A06986D9C76A57EF852975B635"
"RVS_Animanga_news","konosuba-season-4-studio-change__konosuba-s4-card-05-likely-story.webp","old-man-otaku\konosuba-season-4-studio-change\assets\konosuba-s4-card-05-likely-story.webp","F8295427A31CA86B23C021D944088278F1E5EB8916272FBA86D5DEF9479A82BC"
"RVS_Animanga_news","konosuba-season-4-studio-change__konosuba-s4-card-06-unconfirmed.webp","old-man-otaku\konosuba-season-4-studio-change\assets\konosuba-s4-card-06-unconfirmed.webp","2A696BE7FF84CA4D7AB7B8F2000F2D5F3A2B91350E0DE4D768A286177AEB4A37"
"RVS_Animanga_news","konosuba-season-4-studio-change__konosuba-s4-card-07-full-story.webp","old-man-otaku\konosuba-season-4-studio-change\assets\konosuba-s4-card-07-full-story.webp","57EEF97200ABDB502FE878777204A709797C5C403ED658CFBDC30BB4945F3D34"
"RVS_Animanga_news","konosuba-season-4-studio-change__konosuba-season-4-hero.webp","old-man-otaku\konosuba-season-4-studio-change\assets\konosuba-season-4-hero.webp","5D3B9299ACDE04446A0744AF9791951B1F61D6A36060930B02A3A18930FEE1B3"
"RVS_Animanga_news","mushoku-tensei-season-3-problematic-hit-2026__01-cover.webp","old-man-otaku\mushoku-tensei-season-3-problematic-hit-2026\assets\01-cover.webp","0A798AA83F5000D9046FF79BFB7E00E6DB85B82BB66A9EE82E32F85872EAFFDE"
"RVS_Animanga_news","mushoku-tensei-season-3-problematic-hit-2026__02-swordswoman.webp","old-man-otaku\mushoku-tensei-season-3-problematic-hit-2026\assets\02-swordswoman.webp","EFD40D4205381ADFCAFE14247F4C2F0F1756C70A303982ED67EF9F57BCB39F50"
"RVS_Animanga_news","mushoku-tensei-season-3-problematic-hit-2026__03-second-chance.webp","old-man-otaku\mushoku-tensei-season-3-problematic-hit-2026\assets\03-second-chance.webp","0C44E6A664DD3C814B51594933B8E073079C597E9E119C10A822DC42E78CA95C"
"RVS_Animanga_news","mushoku-tensei-season-3-problematic-hit-2026__04-divided-viewers.webp","old-man-otaku\mushoku-tensei-season-3-problematic-hit-2026\assets\04-divided-viewers.webp","D2C9C69E09B77FF86F528B4ED68FF8C92A21E28BEA8BDE5C3B6E9BDFFA493FEA"
"RVS_Animanga_news","mushoku-tensei-season-3-problematic-hit-2026__05-worldbuilding.webp","old-man-otaku\mushoku-tensei-season-3-problematic-hit-2026\assets\05-worldbuilding.webp","064ACB2C1A5F29A91EE97FD8C869293D13AF2C91206BB45FBD968B377D0C1F7F"
"RVS_Animanga_news","mushoku-tensei-season-3-problematic-hit-2026__06-family.webp","old-man-otaku\mushoku-tensei-season-3-problematic-hit-2026\assets\06-family.webp","E19AB7A09711E31EC53C0C1D08460658F95ACC031F37CFCC9134B66CC9CECE54"
"RVS_Animanga_news","mushoku-tensei-season-3-problematic-hit-2026__07-final-question.webp","old-man-otaku\mushoku-tensei-season-3-problematic-hit-2026\assets\07-final-question.webp","6A37E510CC1E6B2EF0CB92DE5FCDC8AA902AE4093459B81A9BAB148188909864"
"RVS_Animanga_news","old-man-otaku-1200.webp","assets\optimized\old-man-otaku-1200.webp","70EFF9935DBB645D70A845B1432B4C7FFE11B11F4E37557E02B700B8DB284E78"
"RVS_Animanga_news","old-man-otaku-640.webp","assets\optimized\old-man-otaku-640.webp","ABFC4DF3F16D1C43F769EE16FA2A29E81405F03A8BE5618D1D373C95E762B2EE"
"RVS_Animanga_news","old-man-otaku-banner.png","assets\brand\old-man-otaku\old-man-otaku-banner.png","1169EC17F8DB2E33D3F51ADFC6F982F2774A9E15B2EEE300E9A35D5DE90B541B"
"RVS_Animanga_news","rogueverse-animanga-emblem.png","assets\brand\animanga\rogueverse-animanga-emblem.png","96826815CF2211CE5D419F9449E114AC46D5F264DE5882CEE888C4AE0DBD9930"
"Shop","market-house-1200.webp","assets\optimized\market-house-1200.webp","056B326BED4B7363F17E740ED8A84C2261CEEBCB357D48E4E021258830BA37C9"
"Shop","market-house-1536.webp","assets\optimized\market-house-1536.webp","2F08C58D7446AB6549668A87822CD890F9C932C54DB7419F10CBC92D73A3F989"
"Shop","market-house-640.webp","assets\optimized\market-house-640.webp","262B19DB23A3C15C75DB7E84B19B17920D7E35DDCCF1DCBD63B1BFFC2EF1FF91"
"Shop","market-house-concept.png","assets\backgrounds\market-house-concept.png","10D50EDEF7DC9EFA5D07424513829139A9D33140AF76EB0B6E27768192D2D5BD"
"Shop","shop-hero-desktop-v1.png","assets\2026\shop-hero-desktop-v1.png","F95445E9DCB0301B05128232DCD16908D812467FF703C08A13A75B34D631E66A"
"Shop","shop-hero-mobile-v1.png","assets\2026\shop-hero-mobile-v1.png","AC740B2CB11AC69A6F2AD40DA75344CA348F4ED25DEF62B98AA780CB43D0EDB6"
